{"cameraMode":{"drawMode":0,"name":"Shaded","section":"Shading Mode"},"sceneLighting":false,"audioPlay":false,"sceneViewState":{"showFog":true,"showMaterialUpdate":false,"showSkybox":true,"showFlares":true,"showImageEffects":true,"showParticleSystems":true},"in2DMode":false,"pivot":{"x":0.9393008947372437,"y":-0.3657740354537964,"z":5.5171613693237309},"rotation":{"x":0.037490252405405048,"y":-0.007198567036539316,"z":0.00027006948948837817,"w":0.9992713332176209},"size":19.755752563476564,"orthographic":false}