{"cameraMode":{"drawMode":0,"name":"Shaded","section":"Shading Mode"},"sceneLighting":false,"audioPlay":false,"sceneViewState":{"showFog":true,"showMaterialUpdate":false,"showSkybox":true,"showFlares":true,"showImageEffects":true,"showParticleSystems":true},"in2DMode":false,"pivot":{"x":8.791879653930664,"y":0.28591156005859377,"z":-0.8037443161010742},"rotation":{"x":-0.041179921478033069,"y":-0.6247334480285645,"z":0.03302190825343132,"w":-0.7790586352348328},"size":22.137540817260743,"orthographic":false}