{"cameraMode":{"drawMode":0,"name":"Shaded","section":"Shading Mode"},"sceneLighting":false,"audioPlay":false,"sceneViewState":{"showFog":true,"showMaterialUpdate":false,"showSkybox":true,"showFlares":true,"showImageEffects":true,"showParticleSystems":true},"in2DMode":false,"pivot":{"x":0.09000003337860108,"y":0.25999999046325686,"z":0.0},"rotation":{"x":-0.2754210829734802,"y":-0.042668238282203677,"z":0.012238608673214913,"w":-0.9603026509284973},"size":16.693601608276368,"orthographic":false}